month_end,n,k,longs,shorts,value_EUR,value_GBP,value_JPY,value_CHF,value_AUD,value_CAD,value_SEK,value_NOK,value_ZAR,value_NZD,value_MXN,value_TRY,value_PLN,value_HUF
2003-05-30,4,2,"['JPY', 'GBP']","['CHF', 'EUR']",-0.0271,0.0745,0.0274,-0.0597,,,,,,,,,,
2003-06-30,4,2,"['JPY', 'GBP']","['CHF', 'EUR']",-0.0408,0.0764,-0.015,-0.0565,,,,,,,,,,
2003-07-31,4,2,"['JPY', 'GBP']","['EUR', 'CHF']",-0.0408,0.078,-0.0279,-0.0405,,,,,,,,,,
2003-08-29,8,2,"['SEK', 'GBP']","['AUD', 'CAD']",-0.0408,0.078,-0.0279,-0.0405,-0.1277,-0.0742,0.0526,-0.0652,,,,,,
2003-09-30,8,2,"['SEK', 'GBP']","['AUD', 'CAD']",-0.0005,0.0816,-0.0747,-0.0136,-0.1406,-0.0943,0.0527,-0.0565,,,,,,
2003-10-31,8,2,"['SEK', 'GBP']","['AUD', 'CAD']",0.0275,0.0794,-0.0312,0.026,-0.1815,-0.1187,0.0316,-0.0684,,,,,,
2003-11-28,8,2,"['SEK', 'GBP']","['AUD', 'CAD']",0.0275,0.0794,-0.0312,0.026,-0.1815,-0.1187,0.0316,-0.0684,,,,,,
2003-12-31,8,2,"['JPY', 'GBP']","['AUD', 'CAD']",-0.0062,0.0348,0.0319,0.0165,-0.2019,-0.1819,-0.0114,-0.0698,,,,,,
2004-01-30,8,2,"['JPY', 'GBP']","['AUD', 'CAD']",-0.0062,0.0348,0.0319,0.0165,-0.2019,-0.1819,-0.0114,-0.0698,,,,,,
2004-02-27,8,2,"['GBP', 'JPY']","['AUD', 'CAD']",-0.032,0.0324,0.0493,0.0133,-0.2592,-0.1841,-0.0369,-0.1022,,,,,,
2004-03-31,8,2,"['SEK', 'JPY']","['AUD', 'CAD']",-0.0605,-0.0117,0.0618,0.0144,-0.2543,-0.1158,0.0257,-0.0234,,,,,,
2004-04-30,8,2,"['SEK', 'JPY']","['AUD', 'CAD']",-0.0586,0.0158,0.0611,0.0147,-0.2232,-0.1264,0.0283,-0.0284,,,,,,
2004-05-31,8,2,"['SEK', 'JPY']","['AUD', 'CAD']",-0.0585,0.0182,0.0549,-0.0023,-0.1959,-0.0996,0.027,-0.033,,,,,,
2004-06-30,8,2,"['GBP', 'JPY']","['AUD', 'EUR']",-0.0781,0.0306,0.0668,-0.0243,-0.1068,-0.0556,0.0091,-0.0402,,,,,,
2004-07-30,8,2,"['GBP', 'JPY']","['AUD', 'EUR']",-0.0781,0.0306,0.0668,-0.0243,-0.1068,-0.0556,0.0091,-0.0402,,,,,,
2004-08-31,8,2,"['SEK', 'JPY']","['CAD', 'AUD']",-0.1005,-0.0005,0.0695,-0.0392,-0.107,-0.1092,0.0308,-0.0171,,,,,,
2004-09-30,8,2,"['SEK', 'JPY']","['AUD', 'CAD']",-0.0861,0.0113,0.1239,-0.0196,-0.1388,-0.1236,0.038,-0.0416,,,,,,
2004-10-29,8,2,"['SEK', 'JPY']","['AUD', 'CAD']",-0.0861,0.0113,0.1239,-0.0196,-0.1388,-0.1236,0.038,-0.0416,,,,,,
2004-11-30,9,2,"['GBP', 'JPY']","['CAD', 'AUD']",-0.1085,0.0588,0.1714,-0.0271,-0.1629,-0.1678,0.0193,-0.0581,-0.0601,,,,,
2004-12-31,9,2,"['GBP', 'JPY']","['AUD', 'CAD']",-0.1502,0.0578,0.165,-0.0746,-0.2153,-0.2047,0.005,-0.0744,-0.0884,,,,,
2005-01-31,9,2,"['GBP', 'JPY']","['AUD', 'EUR']",-0.19,0.0464,0.1871,-0.0748,-0.1917,-0.1811,-0.0069,-0.0648,-0.1154,,,,,
2005-02-28,9,2,"['GBP', 'JPY']","['EUR', 'AUD']",-0.1654,0.0661,0.1572,-0.0624,-0.1612,-0.1608,-0.0003,-0.0568,-0.0701,,,,,
2005-03-31,9,2,"['GBP', 'JPY']","['AUD', 'EUR']",-0.1722,0.0568,0.1452,-0.0592,-0.2176,-0.1391,0.0106,-0.0399,-0.0822,,,,,
2005-04-29,9,2,"['GBP', 'JPY']","['AUD', 'EUR']",-0.1722,0.0568,0.1452,-0.0592,-0.2176,-0.1391,0.0106,-0.0399,-0.0822,,,,,
2005-05-31,9,2,"['GBP', 'JPY']","['AUD', 'EUR']",-0.2171,0.0589,0.2026,-0.0609,-0.2768,-0.1558,0.0386,-0.0902,-0.091,,,,,
2005-06-30,9,2,"['GBP', 'JPY']","['AUD', 'EUR']",-0.2279,0.0478,0.1873,-0.0544,-0.2794,-0.1498,0.0455,-0.1157,-0.0965,,,,,
2005-07-29,9,2,"['GBP', 'JPY']","['AUD', 'EUR']",-0.2279,0.0478,0.1873,-0.0544,-0.2794,-0.1498,0.0455,-0.1157,-0.0965,,,,,
2005-08-31,10,2,"['SEK', 'JPY']","['NZD', 'AUD']",-0.1588,0.0425,0.2113,-0.0029,-0.2436,-0.1761,0.0725,-0.1065,-0.053,-0.3583,,,,
2005-09-30,10,2,"['SEK', 'JPY']","['NZD', 'AUD']",-0.1991,0.0433,0.217,-0.0277,-0.2362,-0.1899,0.0487,-0.1124,-0.0709,-0.4086,,,,
2005-10-31,10,2,"['SEK', 'JPY']","['NZD', 'AUD']",-0.2221,0.0253,0.233,-0.0251,-0.287,-0.2147,0.038,-0.1234,-0.1006,-0.4806,,,,
2005-11-30,10,2,"['GBP', 'JPY']","['NZD', 'AUD']",-0.233,0.06,0.2507,-0.0252,-0.3296,-0.2304,0.0319,-0.1188,-0.1094,-0.5247,,,,
2005-12-30,10,2,"['GBP', 'JPY']","['NZD', 'AUD']",-0.233,0.06,0.2507,-0.0252,-0.3296,-0.2304,0.0319,-0.1188,-0.1094,-0.5247,,,,
2006-01-31,10,2,"['GBP', 'JPY']","['NZD', 'AUD']",-0.1691,0.0418,0.246,0.0056,-0.2842,-0.2624,0.0409,-0.0876,-0.1964,-0.4431,,,,
2006-02-28,10,2,"['GBP', 'JPY']","['NZD', 'ZAR']",-0.129,0.034,0.1994,0.0153,-0.2557,-0.2516,0.0227,-0.0584,-0.2576,-0.3686,,,,
2006-03-31,10,2,"['GBP', 'JPY']","['NZD', 'AUD']",-0.1262,0.0284,0.2231,0.0123,-0.2877,-0.27,0.0173,-0.0509,-0.2516,-0.3669,,,,
2006-04-28,10,2,"['GBP', 'JPY']","['NZD', 'AUD']",-0.1262,0.0284,0.2231,0.0123,-0.2877,-0.27,0.0173,-0.0509,-0.2516,-0.3669,,,,
2006-05-31,10,2,"['GBP', 'JPY']","['AUD', 'NZD']",-0.1558,0.0538,0.1878,0.0126,-0.3198,-0.2871,-0.0054,-0.0833,-0.2472,-0.2987,,,,
2006-06-30,10,2,"['GBP', 'JPY']","['CAD', 'AUD']",-0.1981,0.0284,0.1732,-0.0201,-0.2975,-0.2985,-0.0147,-0.0889,-0.1478,-0.2493,,,,
2006-07-31,10,2,"['GBP', 'JPY']","['CAD', 'AUD']",-0.2239,0.0271,0.1883,-0.0186,-0.2694,-0.2799,-0.0563,-0.0774,-0.0525,-0.2578,,,,
2006-08-31,10,2,"['GBP', 'JPY']","['AUD', 'CAD']",-0.2084,0.0318,0.1844,0.0055,-0.3082,-0.2622,-0.06,-0.0728,-0.0652,-0.2609,,,,
2006-09-29,10,2,"['GBP', 'JPY']","['AUD', 'CAD']",-0.2084,0.0318,0.1844,0.0055,-0.3082,-0.2622,-0.06,-0.0728,-0.0652,-0.2609,,,,
2006-10-31,10,2,"['CHF', 'JPY']","['AUD', 'NZD']",-0.1589,0.0119,0.2169,0.0447,-0.3536,-0.3125,-0.0761,-0.0244,-0.112,-0.3209,,,,
2006-11-30,10,2,"['CHF', 'JPY']","['NZD', 'AUD']",-0.1516,0.0057,0.2151,0.0545,-0.3391,-0.3061,-0.0674,-0.005,-0.1605,-0.3413,,,,
2006-12-29,10,2,"['CHF', 'JPY']","['NZD', 'AUD']",-0.1516,0.0057,0.2151,0.0545,-0.3391,-0.3061,-0.0674,-0.005,-0.1605,-0.3413,,,,
2007-01-31,10,2,"['CHF', 'JPY']","['ZAR', 'NZD']",-0.18,-0.0087,0.1909,0.0509,-0.3012,-0.2762,-0.0884,-0.0351,-0.5031,-0.3462,,,,
2007-02-28,10,2,"['CHF', 'JPY']","['ZAR', 'NZD']",-0.1734,-0.0152,0.1772,0.0684,-0.286,-0.2653,-0.0609,-0.0017,-0.4627,-0.3284,,,,
2007-03-30,14,4,"['PLN', 'CHF', 'MXN', 'JPY']","['ZAR', 'NZD', 'AUD', 'CAD']",-0.1734,-0.0152,0.1772,0.0684,-0.286,-0.2653,-0.0609,-0.0017,-0.4627,-0.3284,0.1551,-0.1664,0.0528,-0.1888
2007-04-30,14,4,"['PLN', 'CHF', 'JPY', 'MXN']","['ZAR', 'NZD', 'AUD', 'CAD']",-0.1929,-0.0002,0.1729,0.0627,-0.268,-0.2561,-0.0229,-0.0104,-0.3759,-0.2984,0.1854,-0.1556,0.0373,-0.2224
2007-05-31,14,4,"['PLN', 'CHF', 'MXN', 'JPY']","['ZAR', 'NZD', 'AUD', 'CAD']",-0.2001,0.0016,0.1905,0.075,-0.2952,-0.2833,-0.0408,0.0027,-0.3559,-0.323,0.1753,-0.1403,0.025,-0.2247
2007-06-29,14,4,"['PLN', 'CHF', 'MXN', 'JPY']","['ZAR', 'NZD', 'AUD', 'CAD']",-0.2001,0.0016,0.1905,0.075,-0.2952,-0.2833,-0.0408,0.0027,-0.3559,-0.323,0.1753,-0.1403,0.025,-0.2247
2007-07-31,14,4,"['NOK', 'CHF', 'MXN', 'JPY']","['TRY', 'CAD', 'AUD', 'ZAR']",-0.1298,-0.0203,0.2496,0.1054,-0.288,-0.3264,0.0032,0.0524,-0.2839,-0.2754,0.1158,-0.4048,-0.0343,-0.1856
2007-08-31,14,4,"['NOK', 'MXN', 'CHF', 'JPY']","['TRY', 'AUD', 'CAD', 'NZD']",-0.1082,-0.0,0.2763,0.1194,-0.3639,-0.3504,-0.0235,0.0499,-0.3123,-0.3386,0.1115,-0.5809,-0.106,-0.2138
2007-09-28,14,4,"['NOK', 'MXN', 'CHF', 'JPY']","['TRY', 'AUD', 'CAD', 'NZD']",-0.1082,-0.0,0.2763,0.1194,-0.3639,-0.3504,-0.0235,0.0499,-0.3123,-0.3386,0.1115,-0.5809,-0.106,-0.2138
2007-10-31,14,4,"['NOK', 'MXN', 'CHF', 'JPY']","['TRY', 'CAD', 'AUD', 'ZAR']",-0.1212,0.0305,0.2248,0.1108,-0.3229,-0.3922,-0.0068,0.0312,-0.318,-0.2334,0.1106,-0.4912,-0.1028,-0.1753
2007-11-30,14,4,"['GBP', 'MXN', 'CHF', 'JPY']","['TRY', 'CAD', 'AUD', 'ZAR']",-0.125,0.0388,0.2244,0.1214,-0.3705,-0.4467,-0.0126,0.0198,-0.3078,-0.2425,0.1041,-0.4686,-0.1213,-0.1853
2007-12-31,14,4,"['GBP', 'CHF', 'MXN', 'JPY']","['CAD', 'TRY', 'AUD', 'ZAR']",-0.1366,0.0432,0.211,0.103,-0.3331,-0.4471,-0.0063,0.0423,-0.2237,-0.2087,0.1069,-0.3854,-0.119,-0.1479
2008-01-31,14,4,"['GBP', 'MXN', 'CHF', 'JPY']","['TRY', 'CAD', 'AUD', 'NZD']",-0.1192,0.0574,0.2124,0.1116,-0.3001,-0.3881,0.013,0.056,-0.1361,-0.2018,0.0989,-0.4099,-0.1413,-0.1388
2008-02-29,14,4,"['NOK', 'GBP', 'CHF', 'JPY']","['TRY', 'CAD', 'AUD', 'PLN']",-0.0885,0.0829,0.1957,0.1066,-0.2787,-0.3498,0.0241,0.0797,-0.1025,-0.1504,0.0667,-0.4639,-0.1576,-0.1326
2008-03-31,14,4,"['NOK', 'GBP', 'CHF', 'JPY']","['TRY', 'CAD', 'AUD', 'PLN']",-0.0663,0.0758,0.194,0.1041,-0.2891,-0.329,0.0356,0.0566,0.0343,-0.1488,0.0283,-0.4146,-0.1896,-0.1202
2008-04-30,14,4,"['CHF', 'GBP', 'ZAR', 'JPY']","['TRY', 'CAD', 'AUD', 'PLN']",-0.0934,0.0733,0.1612,0.0717,-0.2695,-0.2818,0.0192,0.005,0.1212,-0.1396,0.0351,-0.3253,-0.265,-0.1369
2008-05-30,14,4,"['CHF', 'GBP', 'ZAR', 'JPY']","['TRY', 'CAD', 'AUD', 'PLN']",-0.0934,0.0733,0.1612,0.0717,-0.2695,-0.2818,0.0192,0.005,0.1212,-0.1396,0.0351,-0.3253,-0.265,-0.1369
2008-06-30,14,4,"['GBP', 'CHF', 'ZAR', 'JPY']","['PLN', 'AUD', 'TRY', 'CAD']",-0.0535,0.0701,0.1857,0.0846,-0.2487,-0.2296,0.0317,-0.0005,0.0851,-0.1012,0.0633,-0.2367,-0.2998,-0.1774
2008-07-31,14,4,"['CHF', 'ZAR', 'GBP', 'JPY']","['PLN', 'HUF', 'AUD', 'TRY']",-0.0426,0.0841,0.1964,0.0675,-0.2232,-0.182,0.0428,-0.02,0.081,-0.0793,0.0324,-0.193,-0.3356,-0.2676
2008-08-29,14,4,"['CHF', 'ZAR', 'GBP', 'JPY']","['PLN', 'HUF', 'AUD', 'TRY']",-0.0426,0.0841,0.1964,0.0675,-0.2232,-0.182,0.0428,-0.02,0.081,-0.0793,0.0324,-0.193,-0.3356,-0.2676
2008-09-30,14,4,"['CHF', 'GBP', 'ZAR', 'JPY']","['PLN', 'HUF', 'TRY', 'CAD']",-0.0409,0.084,0.2064,0.071,-0.1647,-0.1755,0.0278,-0.0406,0.0977,-0.0208,-0.0246,-0.2247,-0.3514,-0.2921
2008-10-31,14,4,"['SEK', 'GBP', 'ZAR', 'JPY']","['PLN', 'HUF', 'TRY', 'CAD']",-0.0296,0.1006,0.1889,0.0568,-0.0945,-0.1621,0.0619,-0.0204,0.113,-0.0062,-0.007,-0.1812,-0.341,-0.2353
2008-11-28,14,4,"['SEK', 'GBP', 'ZAR', 'JPY']","['PLN', 'HUF', 'TRY', 'CAD']",-0.0296,0.1006,0.1889,0.0568,-0.0945,-0.1621,0.0619,-0.0204,0.113,-0.0062,-0.007,-0.1812,-0.341,-0.2353
2008-12-31,14,4,"['AUD', 'SEK', 'GBP', 'ZAR']","['PLN', 'TRY', 'HUF', 'CAD']",0.0203,0.1707,0.0746,0.0311,0.1217,-0.0128,0.1383,0.0704,0.2628,0.1214,0.1086,-0.1406,-0.2356,-0.1039
2009-01-30,14,4,"['AUD', 'SEK', 'GBP', 'ZAR']","['PLN', 'TRY', 'HUF', 'CAD']",0.0203,0.1707,0.0746,0.0311,0.1217,-0.0128,0.1383,0.0704,0.2628,0.1214,0.1086,-0.1406,-0.2356,-0.1039
2009-02-27,14,4,"['NZD', 'SEK', 'GBP', 'ZAR']","['PLN', 'TRY', 'HUF', 'EUR']",-0.0007,0.2226,0.0246,0.0402,0.13,0.0009,0.1837,0.1047,0.2736,0.1514,0.1144,-0.148,-0.1799,-0.1417
2009-03-31,14,4,"['MXN', 'ZAR', 'NZD', 'GBP']","['PLN', 'TRY', 'CAD', 'NOK']",0.017,0.2467,0.0218,0.0095,0.1692,-0.0255,0.1903,-0.018,0.2032,0.2305,0.1917,-0.0565,-0.0665,0.0088
2009-04-30,14,4,"['SEK', 'MXN', 'ZAR', 'GBP']","['PLN', 'EUR', 'CAD', 'NOK']",-0.0224,0.2596,0.0623,0.0069,0.1214,-0.0111,0.1904,-0.0051,0.2183,0.1817,0.1953,0.0065,-0.0746,0.0474
2009-05-29,14,4,"['SEK', 'MXN', 'ZAR', 'GBP']","['PLN', 'EUR', 'CAD', 'NOK']",-0.0224,0.2596,0.0623,0.0069,0.1214,-0.0111,0.1904,-0.0051,0.2183,0.1817,0.1953,0.0065,-0.0746,0.0474
2009-06-30,14,4,"['MXN', 'ZAR', 'SEK', 'GBP']","['TRY', 'CAD', 'PLN', 'HUF']",-0.0214,0.2226,0.0658,0.0208,-0.023,-0.1183,0.1538,0.0274,0.0951,0.0831,0.0852,-0.1753,-0.1132,-0.0401
2009-07-31,14,4,"['MXN', 'ZAR', 'SEK', 'GBP']","['TRY', 'CAD', 'AUD', 'PLN']",-0.034,0.1976,0.0961,0.032,-0.0881,-0.1274,0.1663,0.0218,0.1101,0.0592,0.1094,-0.16,-0.0552,-0.0522
2009-08-31,14,4,"['MXN', 'ZAR', 'SEK', 'GBP']","['TRY', 'CAD', 'HUF', 'PLN']",-0.023,0.1987,0.0735,0.0273,-0.0628,-0.0955,0.162,0.0057,0.1347,0.0666,0.1032,-0.1528,-0.0788,-0.0837
2009-09-30,14,4,"['MXN', 'ZAR', 'SEK', 'GBP']","['TRY', 'CAD', 'PLN', 'AUD']",-0.026,0.194,0.0759,0.0229,-0.0985,-0.119,0.1105,-0.002,0.1021,0.0487,0.0957,-0.1607,-0.1134,-0.0874
2009-10-30,14,4,"['MXN', 'ZAR', 'SEK', 'GBP']","['TRY', 'CAD', 'PLN', 'AUD']",-0.026,0.194,0.0759,0.0229,-0.0985,-0.119,0.1105,-0.002,0.1021,0.0487,0.0957,-0.1607,-0.1134,-0.0874
2009-11-30,14,4,"['JPY', 'MXN', 'SEK', 'GBP']","['TRY', 'AUD', 'CAD', 'HUF']",-0.0324,0.2124,0.0627,0.0115,-0.1448,-0.0931,0.1301,-0.0342,0.0561,0.0276,0.1166,-0.169,-0.0614,-0.0836
2009-12-31,14,4,"['ZAR', 'MXN', 'SEK', 'GBP']","['TRY', 'AUD', 'HUF', 'PLN']",-0.0187,0.1947,0.0746,0.0309,-0.1214,-0.0477,0.1406,-0.0111,0.0987,0.0477,0.1078,-0.1495,-0.0529,-0.0619
2010-01-29,14,4,"['ZAR', 'MXN', 'SEK', 'GBP']","['TRY', 'AUD', 'HUF', 'PLN']",-0.0187,0.1947,0.0746,0.0309,-0.1214,-0.0477,0.1406,-0.0111,0.0987,0.0477,0.1078,-0.1495,-0.0529,-0.0619
2010-02-26,14,4,"['MXN', 'ZAR', 'SEK', 'GBP']","['TRY', 'AUD', 'CAD', 'HUF']",0.0061,0.213,0.0739,0.0299,-0.1256,-0.0781,0.157,-0.0158,0.1144,0.0694,0.0961,-0.1429,-0.019,-0.0452
2010-03-31,14,4,"['NZD', 'MXN', 'SEK', 'GBP']","['TRY', 'CAD', 'AUD', 'NOK']",0.0341,0.2067,0.0513,0.0079,-0.1003,-0.107,0.1201,-0.0608,0.0755,0.0806,0.0888,-0.1222,-0.0106,-0.0389
2010-04-30,14,4,"['MXN', 'NZD', 'SEK', 'GBP']","['AUD', 'TRY', 'CAD', 'HUF']",0.0475,0.2354,0.0526,0.0072,-0.1303,-0.1185,0.1079,-0.0387,0.0359,0.0943,0.0559,-0.129,-0.0432,-0.0555
2010-05-31,14,4,"['JPY', 'NZD', 'SEK', 'GBP']","['TRY', 'CAD', 'AUD', 'PLN']",0.0533,0.2226,0.074,-0.0003,-0.156,-0.1569,0.098,-0.0434,0.0235,0.0848,0.0407,-0.1875,-0.0802,-0.0626
2010-06-30,14,4,"['MXN', 'NZD', 'SEK', 'GBP']","['TRY', 'CAD', 'AUD', 'HUF']",0.0736,0.2179,0.0502,0.0032,-0.1114,-0.1488,0.1025,-0.0145,0.0068,0.0846,0.0846,-0.174,-0.0281,-0.0303
2010-07-30,14,4,"['MXN', 'NZD', 'SEK', 'GBP']","['TRY', 'CAD', 'AUD', 'HUF']",0.0736,0.2179,0.0502,0.0032,-0.1114,-0.1488,0.1025,-0.0145,0.0068,0.0846,0.0846,-0.174,-0.0281,-0.0303
2010-08-31,14,4,"['NZD', 'EUR', 'MXN', 'GBP']","['CAD', 'AUD', 'TRY', 'CHF']",0.0497,0.1755,-0.0276,-0.0763,-0.096,-0.1051,0.0447,0.0157,-0.0214,0.0461,0.125,-0.093,-0.0239,0.0007
2010-09-30,14,4,"['EUR', 'NZD', 'MXN', 'GBP']","['TRY', 'AUD', 'CAD', 'CHF']",0.0586,0.1671,-0.0448,-0.0705,-0.1143,-0.09,0.0524,0.0136,-0.017,0.0653,0.1169,-0.1212,-0.0273,0.0053
2010-10-29,14,4,"['EUR', 'NZD', 'MXN', 'GBP']","['TRY', 'AUD', 'CAD', 'CHF']",0.0586,0.1671,-0.0448,-0.0705,-0.1143,-0.09,0.0524,0.0136,-0.017,0.0653,0.1169,-0.1212,-0.0273,0.0053
2010-11-30,14,4,"['NOK', 'NZD', 'MXN', 'GBP']","['AUD', 'TRY', 'JPY', 'CHF']",0.0134,0.2004,-0.0904,-0.0861,-0.1669,-0.0725,-0.0001,0.0217,-0.029,0.0628,0.0916,-0.1243,-0.0301,-0.076
2010-12-31,14,4,"['NOK', 'NZD', 'MXN', 'GBP']","['AUD', 'JPY', 'TRY', 'CHF']",0.0174,0.1842,-0.106,-0.084,-0.1923,-0.077,-0.0113,0.0333,-0.024,0.0364,0.1046,-0.0873,-0.0405,-0.0614
2011-01-31,14,4,"['EUR', 'NZD', 'MXN', 'GBP']","['AUD', 'CHF', 'JPY', 'CAD']",0.0389,0.1857,-0.1028,-0.1244,-0.2047,-0.0652,-0.0176,-0.0101,-0.0179,0.057,0.1122,-0.0386,0.008,-0.0542
2011-02-28,14,4,"['ZAR', 'EUR', 'MXN', 'GBP']","['AUD', 'CHF', 'JPY', 'CAD']",0.0491,0.173,-0.0866,-0.1241,-0.2079,-0.0774,-0.0196,-0.0216,0.0346,0.0222,0.0969,-0.0016,-0.0189,-0.0582
2011-03-31,14,4,"['TRY', 'ZAR', 'MXN', 'GBP']","['AUD', 'CHF', 'JPY', 'HUF']",0.029,0.1625,-0.1012,-0.1257,-0.2195,-0.071,-0.0481,-0.0267,0.0807,0.0262,0.1039,0.0391,-0.0112,-0.0896
2011-04-29,14,4,"['TRY', 'ZAR', 'MXN', 'GBP']","['AUD', 'CHF', 'JPY', 'HUF']",0.029,0.1625,-0.1012,-0.1257,-0.2195,-0.071,-0.0481,-0.0267,0.0807,0.0262,0.1039,0.0391,-0.0112,-0.0896
2011-05-31,14,4,"['TRY', 'ZAR', 'MXN', 'GBP']","['AUD', 'HUF', 'CHF', 'CAD']",0.0124,0.1742,-0.0693,-0.1456,-0.2658,-0.0933,-0.029,-0.007,0.0314,-0.0674,0.0377,0.0133,-0.0439,-0.1832
2011-06-30,14,4,"['NOK', 'MXN', 'EUR', 'GBP']","['AUD', 'CHF', 'HUF', 'NZD']",0.0387,0.2,-0.0576,-0.1555,-0.249,-0.0585,-0.0203,0.0159,-0.0126,-0.0835,0.0217,-0.064,-0.038,-0.142
2011-07-29,14,4,"['NOK', 'MXN', 'EUR', 'GBP']","['AUD', 'CHF', 'HUF', 'NZD']",0.0387,0.2,-0.0576,-0.1555,-0.249,-0.0585,-0.0203,0.0159,-0.0126,-0.0835,0.0217,-0.064,-0.038,-0.142
2011-08-31,14,4,"['SEK', 'MXN', 'EUR', 'GBP']","['AUD', 'CHF', 'HUF', 'NZD']",0.0568,0.2079,-0.107,-0.2323,-0.2529,-0.0808,0.0173,-0.0075,-0.1234,-0.153,0.0374,-0.0557,-0.0426,-0.1906
2011-09-30,14,4,"['TRY', 'EUR', 'MXN', 'GBP']","['CHF', 'AUD', 'HUF', 'JPY']",0.0508,0.2125,-0.1397,-0.2984,-0.2042,-0.0481,0.0195,-0.0097,-0.0548,-0.1203,0.0933,0.0401,0.0133,-0.1593
2011-10-31,14,4,"['EUR', 'PLN', 'MXN', 'GBP']","['CHF', 'AUD', 'JPY', 'ZAR']",0.0514,0.2147,-0.1736,-0.206,-0.2019,-0.0376,0.0179,-0.0359,-0.078,-0.065,0.1431,0.0336,0.0572,-0.0727
2011-11-30,14,4,"['EUR', 'PLN', 'MXN', 'GBP']","['JPY', 'AUD', 'CHF', 'ZAR']",0.0404,0.2144,-0.1992,-0.1794,-0.1949,-0.0338,0.0153,-0.0525,-0.0556,-0.0222,0.1745,0.0359,0.067,-0.0074
2011-12-30,14,4,"['EUR', 'PLN', 'MXN', 'GBP']","['JPY', 'AUD', 'CHF', 'ZAR']",0.0404,0.2144,-0.1992,-0.1794,-0.1949,-0.0338,0.0153,-0.0525,-0.0556,-0.0222,0.1745,0.0359,0.067,-0.0074
2012-01-31,14,4,"['HUF', 'PLN', 'MXN', 'GBP']","['JPY', 'AUD', 'CHF', 'CAD']",0.0735,0.2106,-0.2051,-0.1562,-0.1951,-0.0626,0.0419,-0.0099,0.0049,0.009,0.174,0.0183,0.1146,0.0736
2012-02-29,14,4,"['HUF', 'EUR', 'MXN', 'GBP']","['JPY', 'AUD', 'CHF', 'CAD']",0.0927,0.216,-0.247,-0.179,-0.2182,-0.0937,0.0322,-0.0345,-0.0235,-0.0097,0.151,0.015,0.0809,0.0832
2012-03-30,14,4,"['HUF', 'EUR', 'MXN', 'GBP']","['JPY', 'AUD', 'CHF', 'CAD']",0.0927,0.216,-0.247,-0.179,-0.2182,-0.0937,0.0322,-0.0345,-0.0235,-0.0097,0.151,0.015,0.0809,0.0832
2012-04-30,14,4,"['HUF', 'EUR', 'MXN', 'GBP']","['AUD', 'CHF', 'JPY', 'ZAR']",0.0878,0.2007,-0.14,-0.1861,-0.2192,-0.1006,0.0199,-0.0282,-0.1157,-0.0341,0.0911,0.0106,0.03,0.0607
2012-05-31,14,4,"['HUF', 'EUR', 'MXN', 'GBP']","['CHF', 'JPY', 'AUD', 'CAD']",0.096,0.1893,-0.186,-0.191,-0.1557,-0.0778,0.0292,-0.02,-0.0539,0.0035,0.1186,0.0219,0.0583,0.0816
2012-06-29,14,4,"['HUF', 'EUR', 'MXN', 'GBP']","['CHF', 'JPY', 'AUD', 'CAD']",0.096,0.1893,-0.186,-0.191,-0.1557,-0.0778,0.0292,-0.02,-0.0539,0.0035,0.1186,0.0219,0.0583,0.0816
2012-07-31,14,4,"['PLN', 'EUR', 'MXN', 'GBP']","['JPY', 'CHF', 'AUD', 'ZAR']",0.1043,0.1878,-0.2881,-0.1931,-0.1255,0.0084,0.0233,-0.0076,-0.0164,0.0505,0.16,0.0401,0.0864,0.0706
2012-08-31,14,4,"['PLN', 'MXN', 'EUR', 'GBP']","['JPY', 'CHF', 'AUD', 'ZAR']",0.1287,0.1767,-0.297,-0.1805,-0.1518,0.0039,0.0151,0.0106,-0.0162,0.0521,0.1187,0.0324,0.0814,0.0694
2012-09-28,14,4,"['PLN', 'MXN', 'EUR', 'GBP']","['JPY', 'CHF', 'AUD', 'ZAR']",0.1287,0.1767,-0.297,-0.1805,-0.1518,0.0039,0.0151,0.0106,-0.0162,0.0521,0.1187,0.0324,0.0814,0.0694
2012-10-31,14,4,"['PLN', 'MXN', 'EUR', 'GBP']","['JPY', 'CHF', 'AUD', 'NZD']",0.1118,0.1592,-0.2147,-0.1774,-0.176,-0.0013,-0.001,0.0141,-0.0158,-0.0394,0.0853,0.0621,0.0681,0.0365
2012-11-30,14,4,"['MXN', 'TRY', 'EUR', 'GBP']","['JPY', 'CHF', 'AUD', 'NZD']",0.1129,0.1574,-0.2244,-0.1863,-0.1068,0.0465,0.029,0.024,0.0637,-0.002,0.0895,0.0929,0.0814,0.0421
2012-12-31,14,4,"['MXN', 'PLN', 'EUR', 'GBP']","['CHF', 'JPY', 'AUD', 'NZD']",0.1322,0.1443,-0.1587,-0.16,-0.144,0.0566,0.0295,0.0033,0.0616,-0.011,0.0817,0.0767,0.1063,0.0375
2013-01-31,14,4,"['TRY', 'PLN', 'EUR', 'GBP']","['AUD', 'CHF', 'JPY', 'NZD']",0.1173,0.1301,-0.1257,-0.1712,-0.172,0.0209,0.0102,-0.0036,0.0432,-0.0047,0.0745,0.0993,0.1063,0.0499
2013-02-28,14,4,"['TRY', 'GBP', 'PLN', 'EUR']","['AUD', 'CHF', 'NZD', 'JPY']",0.1123,0.1076,-0.0234,-0.1372,-0.1767,0.0081,-0.0016,-0.0041,0.0426,-0.0253,0.0508,0.0813,0.1115,0.0597
2013-03-29,14,4,"['TRY', 'GBP', 'PLN', 'EUR']","['AUD', 'CHF', 'NZD', 'JPY']",0.1123,0.1076,-0.0234,-0.1372,-0.1767,0.0081,-0.0016,-0.0041,0.0426,-0.0253,0.0508,0.0813,0.1115,0.0597
2013-04-30,14,4,"['HUF', 'GBP', 'EUR', 'PLN']","['AUD', 'ZAR', 'CHF', 'NZD']",0.1322,0.1235,0.071,-0.0865,-0.148,0.0215,-0.013,0.0194,-0.1033,-0.0258,0.0257,0.0006,0.1481,0.0971
2013-05-31,14,4,"['GBP', 'HUF', 'EUR', 'PLN']","['AUD', 'CHF', 'ZAR', 'NZD']",0.1381,0.0945,0.0738,-0.1014,-0.1503,0.0044,0.0082,0.0201,-0.0961,-0.0694,0.0152,-0.0519,0.1656,0.1047
2013-06-28,14,4,"['GBP', 'HUF', 'EUR', 'PLN']","['AUD', 'CHF', 'ZAR', 'NZD']",0.1381,0.0945,0.0738,-0.1014,-0.1503,0.0044,0.0082,0.0201,-0.0961,-0.0694,0.0152,-0.0519,0.1656,0.1047
2013-07-31,14,4,"['GBP', 'EUR', 'HUF', 'PLN']","['CHF', 'NZD', 'AUD', 'ZAR']",0.111,0.0887,0.0303,-0.1208,-0.0202,0.0156,0.0206,0.0221,0.0029,-0.0486,0.085,0.0577,0.2027,0.1254
2013-08-30,14,4,"['GBP', 'EUR', 'HUF', 'PLN']","['CHF', 'NZD', 'AUD', 'ZAR']",0.111,0.0887,0.0303,-0.1208,-0.0202,0.0156,0.0206,0.0221,0.0029,-0.0486,0.085,0.0577,0.2027,0.1254
2013-09-30,14,4,"['MXN', 'HUF', 'TRY', 'PLN']","['CHF', 'NZD', 'AUD', 'CAD']",0.0794,0.0752,0.0238,-0.1504,-0.0392,-0.004,0.0015,0.0377,0.0673,-0.1035,0.1176,0.1534,0.1951,0.1478
2013-10-31,14,4,"['MXN', 'HUF', 'TRY', 'PLN']","['NZD', 'CHF', 'AUD', 'SEK']",0.067,0.0405,0.0842,-0.1402,-0.1287,-0.0011,-0.0159,0.0287,0.039,-0.1518,0.0992,0.1645,0.176,0.1246
2013-11-29,14,4,"['MXN', 'HUF', 'TRY', 'PLN']","['NZD', 'CHF', 'AUD', 'SEK']",0.067,0.0405,0.0842,-0.1402,-0.1287,-0.0011,-0.0159,0.0287,0.039,-0.1518,0.0992,0.1645,0.176,0.1246
2013-12-31,14,4,"['EUR', 'TRY', 'PLN', 'JPY']","['AUD', 'NZD', 'CHF', 'CAD']",0.0341,-0.0344,0.2306,-0.1112,-0.3324,-0.0936,-0.0665,-0.0376,-0.0875,-0.2776,-0.0491,0.054,0.0719,0.0193
2014-01-31,14,4,"['HUF', 'EUR', 'TRY', 'JPY']","['NZD', 'AUD', 'CHF', 'SEK']",0.0675,-0.1118,0.2956,-0.1151,-0.2782,-0.0941,-0.1136,-0.05,-0.0731,-0.3148,-0.0799,0.0823,0.0194,0.0503
2014-02-28,14,4,"['HUF', 'EUR', 'TRY', 'JPY']","['NZD', 'AUD', 'GBP', 'SEK']",0.0718,-0.15,0.3011,-0.0826,-0.2509,-0.0638,-0.12,-0.0342,-0.0141,-0.3496,-0.1075,0.1134,-0.0322,0.0083
2014-03-31,14,4,"['NOK', 'EUR', 'TRY', 'JPY']","['NZD', 'AUD', 'SEK', 'MXN']",0.0646,-0.1177,0.2821,-0.0966,-0.2904,-0.0592,-0.1473,0.0099,0.0082,-0.4034,-0.1468,0.0949,-0.1311,-0.0213
2014-04-30,14,4,"['NOK', 'TRY', 'EUR', 'JPY']","['NZD', 'AUD', 'SEK', 'MXN']",0.0687,-0.14,0.2429,-0.1118,-0.2667,-0.0675,-0.1647,0.0014,-0.0013,-0.396,-0.1537,0.0685,-0.1067,-0.0284
2014-05-30,14,4,"['NOK', 'TRY', 'EUR', 'JPY']","['NZD', 'AUD', 'SEK', 'MXN']",0.0687,-0.14,0.2429,-0.1118,-0.2667,-0.0675,-0.1647,0.0014,-0.0013,-0.396,-0.1537,0.0685,-0.1067,-0.0284
2014-06-30,14,4,"['TRY', 'EUR', 'ZAR', 'JPY']","['NZD', 'AUD', 'GBP', 'CHF']",0.0776,-0.1067,0.1989,-0.0989,-0.1678,-0.0117,-0.0861,-0.013,0.0987,-0.302,-0.0717,0.0483,-0.0461,0.0478
2014-07-31,14,4,"['HUF', 'EUR', 'ZAR', 'JPY']","['NZD', 'AUD', 'SEK', 'MXN']",0.0959,-0.0708,0.1921,-0.0891,-0.1345,0.0003,-0.0988,-0.0012,0.1394,-0.2493,-0.09,0.042,-0.0702,0.0649
2014-08-29,14,4,"['HUF', 'EUR', 'ZAR', 'JPY']","['NZD', 'AUD', 'SEK', 'MXN']",0.0959,-0.0708,0.1921,-0.0891,-0.1345,0.0003,-0.0988,-0.0012,0.1394,-0.2493,-0.09,0.042,-0.0702,0.0649
2014-09-30,14,4,"['EUR', 'ZAR', 'HUF', 'JPY']","['NZD', 'AUD', 'CHF', 'GBP']",0.105,-0.076,0.2025,-0.0943,-0.0962,0.0293,-0.0178,0.0198,0.1286,-0.1702,-0.0631,0.0622,0.0389,0.1326
2014-10-31,14,4,"['EUR', 'HUF', 'ZAR', 'JPY']","['NZD', 'MXN', 'GBP', 'CHF']",0.125,-0.1003,0.2488,-0.0734,-0.0587,0.0322,0.0017,0.036,0.1838,-0.1185,-0.1012,0.0527,0.0457,0.1368
2014-11-28,14,4,"['EUR', 'HUF', 'ZAR', 'JPY']","['NZD', 'MXN', 'GBP', 'CHF']",0.125,-0.1003,0.2488,-0.0734,-0.0587,0.0322,0.0017,0.036,0.1838,-0.1185,-0.1012,0.0527,0.0457,0.1368
2014-12-31,14,4,"['HUF', 'EUR', 'ZAR', 'JPY']","['NZD', 'GBP', 'MXN', 'CHF']",0.1384,-0.0956,0.2988,-0.0603,0.0141,0.0628,-0.0041,0.0946,0.1535,-0.1001,-0.0821,0.0221,0.0562,0.1302
2015-01-30,14,4,"['HUF', 'EUR', 'ZAR', 'JPY']","['NZD', 'GBP', 'MXN', 'CHF']",0.1384,-0.0956,0.2988,-0.0603,0.0141,0.0628,-0.0041,0.0946,0.1535,-0.1001,-0.0821,0.0221,0.0562,0.1302
2015-02-27,14,4,"['HUF', 'NOK', 'ZAR', 'JPY']","['NZD', 'GBP', 'CHF', 'MXN']",0.1247,-0.1085,0.3025,-0.0638,0.0371,0.0792,-0.0054,0.1383,0.1821,-0.1213,-0.0058,0.0421,0.0555,0.1308
2015-03-31,14,4,"['NOK', 'CAD', 'ZAR', 'JPY']","['CHF', 'GBP', 'NZD', 'MXN']",0.1306,-0.1392,0.2883,-0.1643,0.0693,0.1414,0.0483,0.1395,0.1645,-0.1181,0.0212,0.1005,0.0828,0.1328
2015-04-30,14,4,"['NOK', 'CAD', 'ZAR', 'JPY']","['GBP', 'CHF', 'NZD', 'SEK']",0.1477,-0.1818,0.284,-0.1368,0.0881,0.1619,0.0555,0.1601,0.2051,-0.1333,0.0631,0.1096,0.1115,0.1497
2015-05-29,14,4,"['NOK', 'CAD', 'ZAR', 'JPY']","['GBP', 'CHF', 'NZD', 'SEK']",0.1477,-0.1818,0.284,-0.1368,0.0881,0.1619,0.0555,0.1601,0.2051,-0.1333,0.0631,0.1096,0.1115,0.1497
2015-06-30,14,4,"['CAD', 'TRY', 'ZAR', 'JPY']","['CHF', 'GBP', 'NZD', 'SEK']",0.0956,-0.1647,0.2897,-0.1683,0.0509,0.1358,0.0417,0.1165,0.2041,-0.0917,0.0732,0.1668,0.0427,0.103
2015-07-31,14,4,"['CAD', 'TRY', 'ZAR', 'JPY']","['CHF', 'GBP', 'NZD', 'SEK']",0.0687,-0.1448,0.3214,-0.1515,0.0574,0.1513,0.0353,0.1333,0.2294,-0.0402,0.0869,0.1817,0.0405,0.0937
2015-08-31,14,4,"['TRY', 'CAD', 'ZAR', 'JPY']","['GBP', 'CHF', 'NZD', 'PLN']",0.0979,-0.1561,0.3262,-0.1015,0.0946,0.1717,0.0654,0.1457,0.2202,0.0077,0.094,0.1588,0.0557,0.0971
2015-09-30,14,4,"['CAD', 'TRY', 'ZAR', 'JPY']","['GBP', 'CHF', 'NZD', 'SEK']",0.0712,-0.1437,0.3249,-0.0846,0.1123,0.1817,0.0711,0.1611,0.2577,0.0045,0.119,0.206,0.0712,0.0904
2015-10-30,14,4,"['CAD', 'TRY', 'ZAR', 'JPY']","['GBP', 'CHF', 'NZD', 'SEK']",0.0712,-0.1437,0.3249,-0.0846,0.1123,0.1817,0.0711,0.1611,0.2577,0.0045,0.119,0.206,0.0712,0.0904
2015-11-30,14,4,"['CAD', 'TRY', 'ZAR', 'JPY']","['GBP', 'CHF', 'NZD', 'SEK']",0.0937,-0.1693,0.3127,-0.061,0.16,0.183,0.0849,0.1597,0.2958,0.0068,0.1255,0.2351,0.1115,0.1266
2015-12-31,14,4,"['TRY', 'CAD', 'ZAR', 'JPY']","['GBP', 'CHF', 'NZD', 'SEK']",0.1115,-0.1708,0.3124,-0.053,0.1611,0.1942,0.0865,0.1564,0.3111,0.0452,0.1309,0.1885,0.1165,0.129
2016-01-29,14,4,"['TRY', 'CAD', 'ZAR', 'JPY']","['GBP', 'CHF', 'NZD', 'SEK']",0.1115,-0.1708,0.3124,-0.053,0.1611,0.1942,0.0865,0.1564,0.3111,0.0452,0.1309,0.1885,0.1165,0.129
2016-02-29,14,4,"['MXN', 'CAD', 'JPY', 'ZAR']","['GBP', 'CHF', 'NZD', 'EUR']",0.0642,-0.1098,0.2647,-0.0258,0.1785,0.2512,0.0895,0.1857,0.3964,0.0247,0.1988,0.1307,0.1473,0.1166
2016-03-31,14,4,"['MXN', 'CAD', 'JPY', 'ZAR']","['GBP', 'CHF', 'NZD', 'EUR']",0.0652,-0.0717,0.2427,-0.0337,0.1837,0.2324,0.116,0.1774,0.3468,0.0069,0.2197,0.101,0.1383,0.1216
2016-04-29,14,4,"['MXN', 'CAD', 'JPY', 'ZAR']","['GBP', 'CHF', 'NZD', 'EUR']",0.0652,-0.0717,0.2427,-0.0337,0.1837,0.2324,0.116,0.1774,0.3468,0.0069,0.2197,0.101,0.1383,0.1216
2016-05-31,14,4,"['JPY', 'CAD', 'MXN', 'ZAR']","['GBP', 'CHF', 'NZD', 'SEK']",0.0962,-0.0671,0.1962,-0.026,0.1649,0.1996,0.0952,0.1738,0.3355,0.0065,0.2012,0.0959,0.1294,0.1603
2016-06-30,14,4,"['AUD', 'JPY', 'MXN', 'ZAR']","['GBP', 'CHF', 'NZD', 'EUR']",0.0799,-0.0889,0.2028,0.0148,0.2017,0.1944,0.1019,0.1575,0.3519,0.0152,0.2273,0.1114,0.155,0.1581
2016-07-29,14,4,"['AUD', 'JPY', 'MXN', 'ZAR']","['GBP', 'CHF', 'NZD', 'EUR']",0.0799,-0.0889,0.2028,0.0148,0.2017,0.1944,0.1019,0.1575,0.3519,0.0152,0.2273,0.1114,0.155,0.1581
2016-08-31,14,4,"['JPY', 'CAD', 'MXN', 'ZAR']","['GBP', 'NZD', 'TRY', 'CHF']",0.0786,-0.0118,0.1746,0.0558,0.1739,0.2007,0.0991,0.1549,0.3051,0.0214,0.2407,0.0263,0.138,0.1542
2016-09-30,14,4,"['JPY', 'CAD', 'MXN', 'ZAR']","['TRY', 'NZD', 'GBP', 'EUR']",0.0783,0.0157,0.1809,0.0993,0.1431,0.1819,0.0984,0.1477,0.2474,0.0062,0.201,-0.013,0.091,0.131
2016-10-31,14,4,"['CAD', 'MXN', 'JPY', 'ZAR']","['NZD', 'TRY', 'GBP', 'CHF']",0.0712,0.0108,0.2017,0.0269,0.1378,0.1804,0.1063,0.1402,0.2319,-0.0205,0.1848,0.0028,0.041,0.0779
2016-11-30,14,4,"['MXN', 'CAD', 'ZAR', 'JPY']","['NZD', 'CHF', 'TRY', 'HUF']",0.0782,0.0642,0.2127,0.0026,0.1195,0.1748,0.1215,0.1149,0.1786,-0.0347,0.1467,0.0293,0.0398,0.0381
2016-12-30,14,4,"['MXN', 'CAD', 'ZAR', 'JPY']","['NZD', 'CHF', 'TRY', 'HUF']",0.0782,0.0642,0.2127,0.0026,0.1195,0.1748,0.1215,0.1149,0.1786,-0.0347,0.1467,0.0293,0.0398,0.0381
2017-01-31,14,4,"['ZAR', 'CAD', 'MXN', 'JPY']","['NZD', 'CHF', 'HUF', 'GBP']",0.0732,0.0315,0.2701,-0.0144,0.1318,0.171,0.1248,0.1138,0.1364,-0.0744,0.1929,0.1214,0.0376,0.0276
2017-02-28,14,4,"['CAD', 'TRY', 'MXN', 'JPY']","['NZD', 'CHF', 'HUF', 'PLN']",0.0491,0.0474,0.2754,-0.0232,0.1422,0.1668,0.1096,0.1071,0.139,-0.0491,0.2375,0.1898,0.0363,0.0116
2017-03-31,14,4,"['CAD', 'TRY', 'MXN', 'JPY']","['NZD', 'CHF', 'GBP', 'EUR']",0.0607,0.0384,0.2461,-0.0194,0.1404,0.1726,0.1133,0.1194,0.1433,-0.0242,0.231,0.1933,0.0713,0.0721
2017-04-28,14,4,"['CAD', 'TRY', 'MXN', 'JPY']","['NZD', 'CHF', 'GBP', 'EUR']",0.0607,0.0384,0.2461,-0.0194,0.1404,0.1726,0.1133,0.1194,0.1433,-0.0242,0.231,0.1933,0.0713,0.0721
2017-05-31,14,4,"['ZAR', 'TRY', 'CAD', 'JPY']","['CHF', 'NZD', 'GBP', 'EUR']",0.0609,0.0488,0.2027,-0.0114,0.13,0.2026,0.1151,0.1406,0.1568,0.0052,0.1425,0.1805,0.0614,0.0779
2017-06-30,14,4,"['NOK', 'TRY', 'CAD', 'JPY']","['NZD', 'CHF', 'PLN', 'EUR']",0.0312,0.0534,0.2443,-0.0172,0.1272,0.2081,0.0972,0.1441,0.13,-0.0286,0.1136,0.1794,0.0144,0.0619
2017-07-31,14,4,"['NOK', 'TRY', 'CAD', 'JPY']","['NZD', 'CHF', 'PLN', 'EUR']",0.0169,0.0638,0.2523,-0.0297,0.1351,0.1841,0.1055,0.1398,0.1058,-0.0404,0.0759,0.1807,0.0155,0.0541
2017-08-31,14,4,"['ZAR', 'CAD', 'TRY', 'JPY']","['CHF', 'NZD', 'EUR', 'PLN']",-0.0198,0.076,0.2688,-0.0356,0.1458,0.1606,0.1007,0.1181,0.1463,-0.0301,0.1049,0.2091,0.0289,0.0572
2017-09-29,14,4,"['ZAR', 'CAD', 'TRY', 'JPY']","['CHF', 'NZD', 'EUR', 'PLN']",-0.0198,0.076,0.2688,-0.0356,0.1458,0.1606,0.1007,0.1181,0.1463,-0.0301,0.1049,0.2091,0.0289,0.0572
2017-10-31,14,4,"['ZAR', 'CAD', 'TRY', 'JPY']","['EUR', 'CHF', 'NZD', 'PLN']",-0.0109,0.0759,0.2639,-0.0034,0.134,0.1606,0.1061,0.1256,0.1469,0.0079,0.1326,0.1881,0.0429,0.0723
2017-11-30,14,4,"['CAD', 'MXN', 'TRY', 'JPY']","['EUR', 'CHF', 'NZD', 'PLN']",-0.0011,0.0697,0.2605,0.0078,0.1328,0.1675,0.1033,0.1397,0.1354,0.0266,0.174,0.2187,0.0494,0.0851
2017-12-29,14,4,"['CAD', 'MXN', 'TRY', 'JPY']","['EUR', 'CHF', 'NZD', 'PLN']",-0.0011,0.0697,0.2605,0.0078,0.1328,0.1675,0.1033,0.1397,0.1354,0.0266,0.174,0.2187,0.0494,0.0851
2018-01-31,14,4,"['NOK', 'MXN', 'JPY', 'TRY']","['EUR', 'CHF', 'PLN', 'NZD']",0.0061,0.0585,0.2108,0.0218,0.1665,0.1743,0.1254,0.1871,0.1019,0.0519,0.1894,0.2477,0.0359,0.0811
2018-02-28,14,4,"['JPY', 'NOK', 'MXN', 'TRY']","['CHF', 'EUR', 'PLN', 'ZAR']",0.0116,0.0382,0.1573,0.0106,0.1562,0.1545,0.1233,0.1721,0.0376,0.044,0.2002,0.2602,0.0181,0.0513
2018-03-30,14,4,"['JPY', 'NOK', 'MXN', 'TRY']","['CHF', 'EUR', 'PLN', 'ZAR']",0.0116,0.0382,0.1573,0.0106,0.1562,0.1545,0.1233,0.1721,0.0376,0.044,0.2002,0.2602,0.0181,0.0513
2018-04-30,14,4,"['SEK', 'AUD', 'MXN', 'TRY']","['CHF', 'GBP', 'EUR', 'ZAR']",0.0002,-0.0024,0.0773,-0.0032,0.1832,0.1703,0.1739,0.1406,0.0015,0.0533,0.2111,0.2811,0.023,0.0236
2018-05-31,14,4,"['SEK', 'AUD', 'MXN', 'TRY']","['EUR', 'GBP', 'CHF', 'ZAR']",-0.0016,-0.0003,0.0617,0.0224,0.1922,0.1598,0.1791,0.1425,0.0239,0.0733,0.2249,0.3027,0.027,0.0361
2018-06-29,14,4,"['SEK', 'AUD', 'MXN', 'TRY']","['EUR', 'GBP', 'CHF', 'ZAR']",-0.0016,-0.0003,0.0617,0.0224,0.1922,0.1598,0.1791,0.1425,0.0239,0.0733,0.2249,0.3027,0.027,0.0361
2018-07-31,14,4,"['SEK', 'CAD', 'MXN', 'TRY']","['ZAR', 'CHF', 'EUR', 'GBP']",0.0271,0.0278,0.0695,0.0082,0.1152,0.1638,0.162,0.1183,-0.0136,0.0377,0.2411,0.3055,0.031,0.0869
2018-08-31,14,4,"['CAD', 'SEK', 'MXN', 'TRY']","['ZAR', 'CHF', 'EUR', 'GBP']",0.0119,0.0183,0.0494,0.0026,0.0946,0.1516,0.1574,0.0947,0.0019,0.0524,0.1938,0.3125,0.0367,0.0851
2018-09-28,14,4,"['CAD', 'SEK', 'MXN', 'TRY']","['ZAR', 'CHF', 'EUR', 'GBP']",0.0119,0.0183,0.0494,0.0026,0.0946,0.1516,0.1574,0.0947,0.0019,0.0524,0.1938,0.3125,0.0367,0.0851
2018-10-31,14,4,"['CAD', 'MXN', 'SEK', 'TRY']","['CHF', 'EUR', 'PLN', 'JPY']",0.0119,0.0492,0.0437,-0.022,0.1205,0.1493,0.1676,0.0949,0.0741,0.0899,0.1624,0.4026,0.0338,0.068
2018-11-30,14,4,"['AUD', 'SEK', 'MXN', 'TRY']","['CHF', 'EUR', 'ZAR', 'GBP']",0.0283,0.0453,0.0491,0.0032,0.1382,0.1363,0.1659,0.0792,0.0424,0.1025,0.1667,0.3399,0.0548,0.0828
2018-12-31,14,4,"['CAD', 'SEK', 'MXN', 'TRY']","['ZAR', 'CHF', 'JPY', 'EUR']",0.0389,0.0543,0.0335,0.003,0.1055,0.1403,0.1462,0.0843,-0.0109,0.0675,0.2088,0.2793,0.0545,0.0724
2019-01-31,14,4,"['SEK', 'CAD', 'MXN', 'TRY']","['ZAR', 'JPY', 'CHF', 'EUR']",0.0539,0.0835,-0.006,0.0068,0.0861,0.1404,0.1397,0.0843,-0.0149,0.0645,0.2053,0.2587,0.0602,0.0689
2019-02-28,14,4,"['CAD', 'SEK', 'MXN', 'TRY']","['ZAR', 'JPY', 'CHF', 'HUF']",0.0567,0.0853,-0.032,0.0034,0.0895,0.117,0.1513,0.0858,-0.0702,0.0885,0.1651,0.2258,0.0655,0.0566
2019-03-29,14,4,"['CAD', 'SEK', 'MXN', 'TRY']","['ZAR', 'JPY', 'CHF', 'HUF']",0.0567,0.0853,-0.032,0.0034,0.0895,0.117,0.1513,0.0858,-0.0702,0.0885,0.1651,0.2258,0.0655,0.0566
2019-04-30,14,4,"['AUD', 'MXN', 'SEK', 'TRY']","['ZAR', 'JPY', 'HUF', 'CHF']",0.0798,0.0639,0.0135,0.0265,0.1231,0.1055,0.1735,0.1024,-0.016,0.1043,0.1719,0.2423,0.0718,0.0172
2019-05-31,14,4,"['AUD', 'SEK', 'MXN', 'TRY']","['ZAR', 'CHF', 'JPY', 'HUF']",0.0736,0.077,0.0325,0.0284,0.1381,0.1149,0.1548,0.099,-0.0184,0.1207,0.1667,0.304,0.0643,0.0408
2019-06-28,14,4,"['AUD', 'SEK', 'MXN', 'TRY']","['ZAR', 'CHF', 'JPY', 'HUF']",0.0736,0.077,0.0325,0.0284,0.1381,0.1149,0.1548,0.099,-0.0184,0.1207,0.1667,0.304,0.0643,0.0408
2019-07-31,14,4,"['SEK', 'AUD', 'MXN', 'TRY']","['ZAR', 'CHF', 'JPY', 'HUF']",0.046,0.1167,0.0004,0.0003,0.1571,0.1207,0.152,0.101,-0.0002,0.1289,0.1812,0.3136,0.0531,0.0358
2019-08-30,14,4,"['SEK', 'AUD', 'MXN', 'TRY']","['ZAR', 'CHF', 'JPY', 'HUF']",0.046,0.1167,0.0004,0.0003,0.1571,0.1207,0.152,0.101,-0.0002,0.1289,0.1812,0.3136,0.0531,0.0358
2019-09-30,14,4,"['SEK', 'AUD', 'MXN', 'TRY']","['JPY', 'CHF', 'HUF', 'EUR']",0.0358,0.1406,-0.0372,-0.0232,0.1663,0.1057,0.1444,0.1163,0.0384,0.1235,0.1878,0.2673,0.0499,0.0195
2019-10-31,14,4,"['SEK', 'AUD', 'MXN', 'TRY']","['JPY', 'CHF', 'ZAR', 'EUR']",0.0302,0.117,-0.0595,-0.0231,0.1468,0.1063,0.1338,0.116,-0.0011,0.1153,0.1832,0.2617,0.047,0.0312
2019-11-29,14,4,"['SEK', 'AUD', 'MXN', 'TRY']","['JPY', 'CHF', 'ZAR', 'EUR']",0.0302,0.117,-0.0595,-0.0231,0.1468,0.1063,0.1338,0.116,-0.0011,0.1153,0.1832,0.2617,0.047,0.0312
2019-12-31,14,4,"['SEK', 'AUD', 'MXN', 'TRY']","['JPY', 'CHF', 'ZAR', 'PLN']",0.0346,0.08,-0.1066,-0.008,0.1321,0.096,0.1276,0.1023,0.022,0.1042,0.169,0.288,0.026,0.046
2020-01-31,14,4,"['AUD', 'SEK', 'MXN', 'TRY']","['JPY', 'ZAR', 'CHF', 'PLN']",0.0387,0.0763,-0.1139,-0.0145,0.0946,0.0813,0.1015,0.0515,-0.0214,0.0866,0.1181,0.2934,0.0162,0.0203
2020-02-28,14,4,"['AUD', 'SEK', 'MXN', 'TRY']","['JPY', 'ZAR', 'CHF', 'PLN']",0.0387,0.0763,-0.1139,-0.0145,0.0946,0.0813,0.1015,0.0515,-0.0214,0.0866,0.1181,0.2934,0.0162,0.0203
2020-03-31,14,4,"['AUD', 'SEK', 'GBP', 'TRY']","['JPY', 'EUR', 'PLN', 'CAD']",-0.0018,0.0996,-0.0783,0.0552,0.0901,0.0271,0.0911,0.0825,0.0296,0.0901,0.0849,0.2996,-0.001,0.035
2020-04-30,14,4,"['NOK', 'AUD', 'MXN', 'TRY']","['JPY', 'EUR', 'PLN', 'CHF']",-0.0662,0.1365,-0.1265,0.0088,0.1528,0.0684,0.1057,0.1382,0.1022,0.1338,0.2132,0.3032,0.0039,0.0328
2020-05-29,14,4,"['NOK', 'AUD', 'MXN', 'TRY']","['JPY', 'EUR', 'PLN', 'CHF']",-0.0662,0.1365,-0.1265,0.0088,0.1528,0.0684,0.1057,0.1382,0.1022,0.1338,0.2132,0.3032,0.0039,0.0328
2020-06-30,14,4,"['NOK', 'ZAR', 'MXN', 'TRY']","['JPY', 'EUR', 'CHF', 'PLN']",-0.0613,0.1338,-0.161,0.0314,0.1221,0.0878,0.0725,0.1429,0.1718,0.103,0.2245,0.3188,0.0358,0.0445
2020-07-31,14,4,"['ZAR', 'GBP', 'MXN', 'TRY']","['JPY', 'EUR', 'PLN', 'HUF']",-0.0615,0.1476,-0.1596,0.0398,0.0695,0.0528,0.0617,0.0888,0.1164,0.0271,0.1816,0.3011,-0.007,0.0179
2020-08-31,14,4,"['ZAR', 'GBP', 'MXN', 'TRY']","['JPY', 'EUR', 'NZD', 'PLN']",-0.0795,0.1573,-0.1441,0.0233,0.0246,0.0259,0.0315,0.0528,0.107,-0.0197,0.17,0.3232,-0.0088,0.0127
2020-09-30,14,4,"['ZAR', 'MXN', 'GBP', 'TRY']","['JPY', 'EUR', 'PLN', 'NZD']",-0.0623,0.1527,-0.1175,0.0027,0.0042,0.0006,0.018,0.0269,0.1175,-0.0113,0.1433,0.3368,-0.0327,0.0021
2020-10-30,14,4,"['ZAR', 'MXN', 'GBP', 'TRY']","['JPY', 'EUR', 'PLN', 'NZD']",-0.0623,0.1527,-0.1175,0.0027,0.0042,0.0006,0.018,0.0269,0.1175,-0.0113,0.1433,0.3368,-0.0327,0.0021
2020-11-30,14,4,"['NOK', 'MXN', 'GBP', 'TRY']","['JPY', 'EUR', 'PLN', 'CHF']",-0.0504,0.14,-0.0794,-0.0008,0.0081,0.0077,0.0521,0.054,0.0346,0.0044,0.1129,0.3709,-0.0131,0.0428
2020-12-31,14,4,"['NOK', 'MXN', 'GBP', 'TRY']","['JPY', 'EUR', 'ZAR', 'PLN']",-0.0749,0.1513,-0.0857,-0.0035,0.0052,-0.0062,0.0296,0.0433,-0.0368,-0.026,0.0899,0.3984,-0.0332,0.0297
2021-01-29,14,4,"['NOK', 'MXN', 'GBP', 'TRY']","['JPY', 'EUR', 'ZAR', 'PLN']",-0.0749,0.1513,-0.0857,-0.0035,0.0052,-0.0062,0.0296,0.0433,-0.0368,-0.026,0.0899,0.3984,-0.0332,0.0297
2021-02-26,14,4,"['SEK', 'MXN', 'GBP', 'TRY']","['ZAR', 'EUR', 'JPY', 'CAD']",-0.065,0.1397,-0.0571,0.0035,0.0009,-0.0471,0.0341,0.0062,-0.127,-0.0129,0.0623,0.3729,-0.0428,0.0202
2021-03-31,14,4,"['SEK', 'HUF', 'GBP', 'TRY']","['ZAR', 'CAD', 'PLN', 'AUD']",-0.0338,0.073,0.0259,0.0195,-0.0435,-0.0588,0.0417,-0.0058,-0.1672,-0.0428,0.0046,0.3159,-0.053,0.0448
2021-04-30,14,4,"['JPY', 'MXN', 'SEK', 'TRY']","['ZAR', 'EUR', 'NZD', 'CAD']",-0.0423,0.0446,0.0486,0.0403,-0.0122,-0.0358,0.0578,-0.0074,-0.1541,-0.0413,0.0506,0.3567,-0.0217,0.0466
2021-05-31,14,4,"['CHF', 'SEK', 'JPY', 'TRY']","['ZAR', 'EUR', 'PLN', 'NZD']",-0.0424,0.0324,0.0802,0.0418,-0.0028,-0.0148,0.0667,-0.0041,-0.1481,-0.0347,0.0099,0.3938,-0.039,0.0353
2021-06-30,14,4,"['GBP', 'SEK', 'JPY', 'TRY']","['ZAR', 'PLN', 'NZD', 'CAD']",-0.0373,0.0453,0.1025,0.0229,-0.0412,-0.0426,0.0553,0.0097,-0.2132,-0.0444,-0.0237,0.397,-0.0727,0.0049
2021-07-30,14,4,"['GBP', 'SEK', 'JPY', 'TRY']","['ZAR', 'PLN', 'NZD', 'CAD']",-0.0373,0.0453,0.1025,0.0229,-0.0412,-0.0426,0.0553,0.0097,-0.2132,-0.0444,-0.0237,0.397,-0.0727,0.0049
2021-08-31,14,4,"['NOK', 'SEK', 'JPY', 'TRY']","['ZAR', 'PLN', 'MXN', 'GBP']",-0.0336,-0.0386,0.143,0.0335,0.0275,-0.0193,0.0472,0.0393,-0.1015,0.0104,-0.0548,0.3962,-0.0574,0.0144
2021-09-30,14,4,"['SEK', 'NOK', 'JPY', 'TRY']","['GBP', 'MXN', 'ZAR', 'PLN']",-0.0249,-0.0566,0.1575,0.0282,0.0465,-0.0169,0.0476,0.0511,-0.0478,0.0071,-0.0485,0.3735,-0.029,0.0124
2021-10-29,14,4,"['SEK', 'NOK', 'JPY', 'TRY']","['GBP', 'MXN', 'ZAR', 'PLN']",-0.0249,-0.0566,0.1575,0.0282,0.0465,-0.0169,0.0476,0.0511,-0.0478,0.0071,-0.0485,0.3735,-0.029,0.0124
2021-11-30,14,4,"['AUD', 'HUF', 'JPY', 'TRY']","['GBP', 'CAD', 'MXN', 'ZAR']",-0.0193,-0.1149,0.1767,0.0305,0.0432,-0.0455,0.0178,0.0401,-0.0393,-0.0076,-0.044,0.3973,-0.029,0.0522
2021-12-31,14,4,"['AUD', 'HUF', 'JPY', 'TRY']","['GBP', 'MXN', 'CAD', 'PLN']",-0.0222,-0.08,0.1594,0.0291,0.0575,-0.0452,0.0049,0.0496,0.0203,0.0097,-0.078,0.439,-0.037,0.0589
2022-01-31,14,4,"['HUF', 'AUD', 'JPY', 'TRY']","['MXN', 'PLN', 'GBP', 'EUR']",-0.0292,-0.0541,0.1038,0.0141,0.0588,-0.0119,0.0297,0.053,0.0536,0.0378,-0.0903,0.4798,-0.0621,0.0553
2022-02-28,14,4,"['AUD', 'SEK', 'JPY', 'TRY']","['MXN', 'GBP', 'PLN', 'EUR']",-0.0247,-0.0808,0.1155,0.029,0.0647,-0.0123,0.07,0.0595,0.0605,0.0526,-0.1447,0.3941,-0.0595,0.0482
2022-03-31,14,4,"['AUD', 'SEK', 'JPY', 'TRY']","['MXN', 'GBP', 'PLN', 'EUR']",-0.0341,-0.0663,0.1295,0.0391,0.0862,-0.0037,0.0876,0.0688,0.0744,0.0691,-0.0914,0.388,-0.0381,0.0388
2022-04-29,14,4,"['AUD', 'SEK', 'JPY', 'TRY']","['MXN', 'GBP', 'PLN', 'EUR']",-0.0341,-0.0663,0.1295,0.0391,0.0862,-0.0037,0.0876,0.0688,0.0744,0.0691,-0.0914,0.388,-0.0381,0.0388
2022-05-31,14,4,"['SEK', 'HUF', 'JPY', 'TRY']","['GBP', 'CAD', 'MXN', 'PLN']",-0.012,-0.0594,0.212,0.0333,0.0133,-0.057,0.0671,0.0096,0.0144,-0.0006,-0.0401,0.36,-0.0217,0.0795
2022-06-30,14,4,"['SEK', 'HUF', 'JPY', 'TRY']","['CAD', 'MXN', 'GBP', 'PLN']",0.0018,-0.0339,0.1885,0.0456,0.0123,-0.0766,0.0767,0.0548,0.0491,0.0174,-0.0599,0.3794,-0.0155,0.1069
2022-07-29,14,4,"['SEK', 'HUF', 'JPY', 'TRY']","['CAD', 'MXN', 'GBP', 'PLN']",0.0018,-0.0339,0.1885,0.0456,0.0123,-0.0766,0.0767,0.0548,0.0491,0.0174,-0.0599,0.3794,-0.0155,0.1069
2022-08-31,14,4,"['SEK', 'HUF', 'JPY', 'TRY']","['GBP', 'CAD', 'MXN', 'CHF']",0.0397,-0.0474,0.2102,0.0127,0.0508,-0.0167,0.1155,0.0741,0.0638,0.0599,-0.0023,0.3823,0.0138,0.1555
2022-09-30,14,4,"['SEK', 'HUF', 'JPY', 'TRY']","['GBP', 'MXN', 'CHF', 'CAD']",0.0551,-0.0697,0.2058,-0.0267,0.0323,-0.0153,0.1066,0.0569,0.0313,0.0243,-0.0348,0.394,-0.0029,0.1517
2022-10-31,14,4,"['HUF', 'SEK', 'JPY', 'TRY']","['MXN', 'CHF', 'GBP', 'PLN']",0.048,-0.012,0.2163,-0.0305,0.0425,0.0258,0.1226,0.079,0.0587,0.031,-0.0662,0.3767,-0.0103,0.112
2022-11-30,14,4,"['HUF', 'SEK', 'JPY', 'TRY']","['MXN', 'GBP', 'CHF', 'PLN']",0.0259,-0.0329,0.214,-0.021,0.0604,0.0273,0.1272,0.088,0.0496,0.0333,-0.1305,0.3403,-0.0098,0.1224
2022-12-30,14,4,"['HUF', 'SEK', 'JPY', 'TRY']","['MXN', 'GBP', 'CHF', 'PLN']",0.0259,-0.0329,0.214,-0.021,0.0604,0.0273,0.1272,0.088,0.0496,0.0333,-0.1305,0.3403,-0.0098,0.1224
2023-01-31,14,4,"['SEK', 'ZAR', 'JPY', 'TRY']","['MXN', 'NZD', 'GBP', 'CHF']",0.0127,-0.0463,0.1724,-0.0418,0.0136,0.0263,0.0686,0.0447,0.0815,-0.05,-0.1392,0.3318,-0.0398,0.0458
2023-02-28,14,4,"['SEK', 'ZAR', 'JPY', 'TRY']","['MXN', 'PLN', 'CHF', 'GBP']",0.02,-0.0175,0.1578,-0.0287,0.022,0.0459,0.1089,0.0886,0.1399,-0.0161,-0.1614,0.3092,-0.0364,0.0238
2023-03-31,14,4,"['NOK', 'JPY', 'ZAR', 'TRY']","['MXN', 'PLN', 'CHF', 'GBP']",0.0187,-0.0167,0.1866,-0.0169,-0.0054,0.0294,0.0954,0.1158,0.1914,-0.0127,-0.1812,0.2825,-0.0372,-0.0152
2023-04-28,14,4,"['NOK', 'JPY', 'ZAR', 'TRY']","['MXN', 'PLN', 'CHF', 'GBP']",0.0187,-0.0167,0.1866,-0.0169,-0.0054,0.0294,0.0954,0.1158,0.1914,-0.0127,-0.1812,0.2825,-0.0372,-0.0152
2023-05-31,14,4,"['NOK', 'JPY', 'ZAR', 'TRY']","['MXN', 'PLN', 'HUF', 'CHF']",0.0117,-0.0342,0.1847,-0.0567,0.0057,0.0204,0.0624,0.1496,0.1933,-0.0065,-0.1993,0.245,-0.095,-0.0572
2023-06-30,14,4,"['NOK', 'JPY', 'ZAR', 'TRY']","['MXN', 'PLN', 'HUF', 'CHF']",0.0069,-0.0693,0.1978,-0.0698,-0.003,0.0159,0.0574,0.1581,0.2111,-0.043,-0.2957,0.2231,-0.1523,-0.0785
2023-07-31,14,4,"['ZAR', 'NOK', 'JPY', 'TRY']","['MXN', 'PLN', 'HUF', 'GBP']",-0.0034,-0.0968,0.2187,-0.0542,-0.0195,-0.0168,0.0779,0.1605,0.1543,-0.0314,-0.3781,0.3196,-0.1844,-0.1081
2023-08-31,14,4,"['NOK', 'ZAR', 'JPY', 'TRY']","['MXN', 'PLN', 'GBP', 'HUF']",-0.0046,-0.1028,0.2207,-0.0725,-0.0159,-0.0155,0.078,0.1368,0.1414,-0.0521,-0.3004,0.3276,-0.1956,-0.089
2023-09-29,14,4,"['NOK', 'ZAR', 'JPY', 'TRY']","['MXN', 'PLN', 'GBP', 'HUF']",-0.0046,-0.1028,0.2207,-0.0725,-0.0159,-0.0155,0.078,0.1368,0.1414,-0.0521,-0.3004,0.3276,-0.1956,-0.089
2023-10-31,14,4,"['ZAR', 'SEK', 'NOK', 'JPY']","['MXN', 'PLN', 'GBP', 'HUF']",0.013,-0.087,0.2454,-0.0352,-0.0129,0.0035,0.089,0.1497,0.0748,-0.0513,-0.2788,0.0585,-0.1234,-0.0648
2023-11-30,14,4,"['ZAR', 'TRY', 'NOK', 'JPY']","['MXN', 'PLN', 'GBP', 'HUF']",0.0071,-0.0702,0.2438,-0.0573,-0.0138,0.0182,0.0712,0.1645,0.0917,-0.0573,-0.2338,0.155,-0.15,-0.0612
2023-12-29,14,4,"['ZAR', 'TRY', 'NOK', 'JPY']","['MXN', 'PLN', 'GBP', 'HUF']",0.0071,-0.0702,0.2438,-0.0573,-0.0138,0.0182,0.0712,0.1645,0.0917,-0.0573,-0.2338,0.155,-0.15,-0.0612
2024-01-31,14,4,"['ZAR', 'NOK', 'TRY', 'JPY']","['MXN', 'PLN', 'GBP', 'HUF']",-0.0016,-0.101,0.2385,-0.0653,-0.0352,-0.0192,0.0359,0.1261,0.1148,-0.0396,-0.3303,0.2304,-0.2076,-0.0714
2024-02-29,14,4,"['NOK', 'ZAR', 'TRY', 'JPY']","['MXN', 'PLN', 'GBP', 'CHF']",-0.0136,-0.0933,0.2628,-0.0791,-0.0491,-0.0145,0.0384,0.1126,0.1357,-0.0536,-0.2969,0.2033,-0.2062,-0.0641
2024-03-29,14,4,"['NOK', 'ZAR', 'TRY', 'JPY']","['MXN', 'PLN', 'GBP', 'CHF']",-0.0136,-0.0933,0.2628,-0.0791,-0.0491,-0.0145,0.0384,0.1126,0.1357,-0.0536,-0.2969,0.2033,-0.2062,-0.0641
2024-04-30,14,4,"['ZAR', 'NOK', 'TRY', 'JPY']","['MXN', 'PLN', 'GBP', 'AUD']",-0.0284,-0.0758,0.2574,-0.0526,-0.0585,-0.0045,0.0173,0.1305,0.1016,-0.0357,-0.327,0.1825,-0.2343,-0.0255
2024-05-31,14,4,"['ZAR', 'TRY', 'NOK', 'JPY']","['MXN', 'PLN', 'GBP', 'AUD']",-0.0263,-0.0776,0.2648,-0.0458,-0.058,-0.003,0.0456,0.1455,0.1129,-0.0419,-0.3217,0.1276,-0.2335,-0.0481
2024-06-28,14,4,"['ZAR', 'TRY', 'NOK', 'JPY']","['MXN', 'PLN', 'GBP', 'AUD']",-0.0263,-0.0776,0.2648,-0.0458,-0.058,-0.003,0.0456,0.1455,0.1129,-0.0419,-0.3217,0.1276,-0.2335,-0.0481
2024-07-31,14,4,"['ZAR', 'TRY', 'NOK', 'JPY']","['MXN', 'PLN', 'GBP', 'AUD']",-0.0163,-0.1229,0.3089,-0.0397,-0.0992,0.0039,0.0133,0.1206,0.0714,-0.0797,-0.2393,0.0976,-0.2096,-0.0365
2024-08-30,14,4,"['ZAR', 'TRY', 'NOK', 'JPY']","['MXN', 'PLN', 'GBP', 'AUD']",-0.0163,-0.1229,0.3089,-0.0397,-0.0992,0.0039,0.0133,0.1206,0.0714,-0.0797,-0.2393,0.0976,-0.2096,-0.0365
2024-09-30,14,4,"['ZAR', 'NOK', 'TRY', 'JPY']","['PLN', 'MXN', 'GBP', 'AUD']",-0.023,-0.1462,0.2875,-0.0367,-0.0851,0.0193,0.0251,0.1324,0.0503,-0.0598,-0.1868,0.1551,-0.2599,-0.0544
2024-10-31,14,4,"['ZAR', 'NOK', 'TRY', 'JPY']","['PLN', 'MXN', 'GBP', 'NZD']",-0.0272,-0.1344,0.2737,-0.0459,-0.0835,0.0164,0.0182,0.1338,0.0605,-0.0859,-0.1416,0.1507,-0.2737,-0.0742
2024-11-29,14,4,"['ZAR', 'NOK', 'TRY', 'JPY']","['PLN', 'MXN', 'GBP', 'NZD']",-0.0272,-0.1344,0.2737,-0.0459,-0.0835,0.0164,0.0182,0.1338,0.0605,-0.0859,-0.1416,0.1507,-0.2737,-0.0742
2024-12-31,14,4,"['ZAR', 'TRY', 'NOK', 'JPY']","['PLN', 'MXN', 'GBP', 'AUD']",-0.0267,-0.0995,0.2785,-0.0555,-0.0846,0.0224,0.0405,0.108,0.0426,-0.0693,-0.11,0.0911,-0.2389,-0.0355
2025-01-31,14,4,"['TRY', 'ZAR', 'NOK', 'JPY']","['PLN', 'MXN', 'GBP', 'AUD']",-0.0203,-0.0925,0.2663,-0.0449,-0.0523,0.0444,0.0568,0.1172,0.0711,-0.0216,-0.1096,0.0692,-0.2391,-0.0183
2025-02-28,14,4,"['CAD', 'ZAR', 'NOK', 'JPY']","['PLN', 'MXN', 'GBP', 'AUD']",-0.029,-0.0793,0.2625,-0.0211,-0.0518,0.0569,0.0362,0.1269,0.0867,-0.012,-0.0798,0.0286,-0.2392,-0.0348
2025-03-31,14,4,"['CAD', 'ZAR', 'NOK', 'JPY']","['PLN', 'GBP', 'AUD', 'HUF']",-0.033,-0.0817,0.2495,-0.0145,-0.0814,0.0396,0.0152,0.0924,0.0544,-0.0335,-0.0708,0.0297,-0.2648,-0.0713
2025-04-30,14,4,"['CAD', 'CHF', 'TRY', 'JPY']","['PLN', 'MXN', 'AUD', 'GBP']",-0.017,-0.139,0.2719,0.0153,-0.1435,0.009,-0.0221,-0.0004,-0.0307,-0.0701,-0.2704,0.0316,-0.2969,-0.0925
2025-05-30,14,4,"['CAD', 'CHF', 'TRY', 'JPY']","['PLN', 'MXN', 'AUD', 'GBP']",-0.017,-0.139,0.2719,0.0153,-0.1435,0.009,-0.0221,-0.0004,-0.0307,-0.0701,-0.2704,0.0316,-0.2969,-0.0925
2025-06-30,14,4,"['CAD', 'TRY', 'NOK', 'JPY']","['MXN', 'PLN', 'GBP', 'HUF']",-0.0293,-0.1443,0.2772,-0.0148,-0.0936,-0.0057,-0.0067,0.0171,-0.1033,-0.0734,-0.3607,0.0123,-0.3139,-0.107
2025-07-31,14,4,"['SEK', 'TRY', 'NOK', 'JPY']","['MXN', 'PLN', 'GBP', 'HUF']",-0.029,-0.1548,0.2675,-0.0272,-0.0527,0.0127,0.016,0.0383,-0.0617,-0.0442,-0.3226,0.032,-0.2789,-0.0998
2025-08-29,14,4,"['SEK', 'TRY', 'NOK', 'JPY']","['MXN', 'PLN', 'GBP', 'HUF']",-0.029,-0.1548,0.2675,-0.0272,-0.0527,0.0127,0.016,0.0383,-0.0617,-0.0442,-0.3226,0.032,-0.2789,-0.0998
2025-09-30,14,4,"['CAD', 'SEK', 'NOK', 'JPY']","['MXN', 'PLN', 'GBP', 'HUF']",-0.0232,-0.1223,0.277,-0.0178,-0.0234,0.0283,0.0587,0.0827,-0.0947,-0.027,-0.3509,-0.0512,-0.2575,-0.0979
2025-10-31,14,4,"['CAD', 'SEK', 'NOK', 'JPY']","['MXN', 'PLN', 'HUF', 'GBP']",-0.0259,-0.1274,0.2798,-0.0246,-0.0317,0.0303,0.0336,0.0498,-0.0777,-0.0128,-0.3344,-0.0951,-0.28,-0.1551
2025-11-28,14,4,"['CAD', 'SEK', 'NOK', 'JPY']","['MXN', 'PLN', 'HUF', 'GBP']",-0.0259,-0.1274,0.2798,-0.0246,-0.0317,0.0303,0.0336,0.0498,-0.0777,-0.0128,-0.3344,-0.0951,-0.28,-0.1551
2025-12-31,14,4,"['CAD', 'NOK', 'SEK', 'JPY']","['PLN', 'MXN', 'HUF', 'TRY']",-0.0277,-0.0998,0.2931,-0.0294,-0.0365,0.0454,0.0513,0.0474,-0.0321,0.0301,-0.2872,-0.1422,-0.2951,-0.1786
2026-01-30,12,3,"['CAD', 'SEK', 'JPY']","['PLN', 'MXN', 'TRY']",-0.0277,-0.0998,0.2931,-0.0294,-0.0365,0.0454,0.0513,,-0.0321,0.0301,-0.2872,-0.1422,-0.2951,
2026-02-27,12,3,"['CAD', 'SEK', 'JPY']","['PLN', 'MXN', 'GBP']",-0.0225,-0.1185,0.2955,-0.0266,-0.0335,0.0415,0.0548,,-0.0222,0.0322,-0.2893,-0.0999,-0.2918,
2026-03-31,12,3,"['NZD', 'CAD', 'JPY']","['MXN', 'PLN', 'GBP']",-0.0296,-0.0921,0.2937,-0.0647,-0.0662,0.0504,0.0247,,-0.0546,0.0254,-0.3627,-0.031,-0.299,
2026-04-30,12,3,"['SEK', 'CAD', 'JPY']","['MXN', 'PLN', 'TRY']",-0.023,-0.0742,0.2865,-0.0824,-0.0651,0.0619,0.0426,,-0.0191,0.0373,-0.3506,-0.1146,-0.3036,
2026-05-29,12,3,"['SEK', 'CAD', 'JPY']","['MXN', 'PLN', 'TRY']",-0.023,-0.0742,0.2865,-0.0824,-0.0651,0.0619,0.0426,,-0.0191,0.0373,-0.3506,-0.1146,-0.3036,
2026-06-30,12,3,"['SEK', 'CAD', 'JPY']","['MXN', 'PLN', 'TRY']",-0.0168,-0.0677,0.2732,-0.0581,-0.0771,0.0926,0.0599,,0.0166,0.0438,-0.324,-0.2238,-0.2704,
2026-07-31,12,3,"['SEK', 'CAD', 'JPY']","['MXN', 'PLN', 'TRY']",-0.0165,-0.0639,0.2738,-0.0519,-0.0743,0.1038,0.0645,,0.0087,0.0431,-0.3232,-0.2369,-0.2538,
2026-08-31,12,3,"['SEK', 'CAD', 'JPY']","['MXN', 'PLN', 'TRY']",-0.0165,-0.0639,0.2738,-0.0519,-0.0743,0.1038,0.0645,,0.0087,0.0431,-0.3232,-0.2369,-0.2538,
