Date,Open,High,Low,Close,Volume
2015-01-02,33.81,34.09,33.13,33.42,812700
2015-01-05,33.05,33.6,33.05,33.54,732200
2015-01-06,33.65,33.855,33.5,33.61,1495800
2015-01-07,33.67,34.43,33.67,33.88,2022100
2015-01-08,34,34.39,33.82,34.12,1429600
2015-01-09,34.04,34.24,33.77,33.96,712400
2015-01-12,33.9,34.58,33.9,34.46,901600
2015-01-13,34.44,34.9,34.11,34.69,816900
2015-01-14,34.29,34.94,34.17,34.93,500000
2015-01-15,34.92,34.99,34.2,34.47,954300
2015-01-16,34.26,35,34.217,34.96,1271100
2015-01-20,34.68,35.2,34.45,34.92,1031200
2015-01-21,34.66,35.9,34.52,35.74,1616000
2015-01-22,35.67,36.33,35.38,35.78,1527300
2015-01-23,35.73,35.78,34.58,34.87,1305300
2015-01-26,34.76,34.91,34.02,34.33,1292400
2015-01-27,34.08,34.23,33.65,33.73,781100
2015-01-28,33.76,34,33.25,33.34,969400
2015-01-29,33.48,33.73,33.25,33.68,800900
2015-01-30,33.4,33.588,33.12,33.39,765700
2015-02-02,33.44,34.38,33.37,34.33,619200
2015-02-03,34.32,34.74,33.95,34.05,694700
2015-02-04,34.05,34.29,33.72,34.21,712300
2015-02-05,34.19,34.78,33.953,34.61,286000
2015-02-06,34.57,35.08,34.36,35.08,768300
2015-02-09,35,35.5,34.81,34.97,1708800
2015-02-10,35.07,35.8,34.922,35.76,744900
2015-02-11,35.75,35.79,35.34,35.57,738700
2015-02-12,35.8,36.3,35.574,36.22,679600
2015-02-13,36.15,36.61,36.14,36.49,437100
2015-02-17,36.5,36.76,36.33,36.52,974600
2015-02-18,36.36,36.59,35.92,36.5,861900
2015-02-19,36.38,37.41,35.85,37.31,715400
2015-02-20,37.09,37.6,35.78,37.3,1032400
2015-02-23,37.16,37.16,36.4,36.69,1614200
2015-02-24,36.67,37.93,36.644,37.59,485700
2015-02-25,37.64,37.65,37.08,37.3,278600
2015-02-26,37.26,37.69,37.05,37.44,245500
2015-02-27,37.33,37.69,37.063,37.54,549200
2015-03-02,37.08,38.1,36.89,37.88,470000
2015-03-03,37.75,37.959,37.41,37.53,465300
2015-03-04,37.38,37.76,37,37.68,617600
2015-03-05,37.59,37.69,37.27,37.34,420100
2015-03-06,37.19,37.77,36.98,37.13,447500
2015-03-09,37.17,37.58,37.035,37.39,443800
2015-03-10,37.09,37.416,36.75,36.77,787200
2015-03-11,36.73,37.33,36.57,37.24,564000
2015-03-12,37.22,37.44,37.02,37.33,360600
2015-03-13,37.18,37.444,36.78,37.25,235400
2015-03-16,37.33,37.98,37.21,37.94,447000
2015-03-17,37.77,38.27,37.62,38.19,509000
2015-03-18,38.03,38.98,38,38.72,493100
2015-03-19,38.43,38.8,38.26,38.72,281800
2015-03-20,38.75,38.99,38.37,38.74,1337700
2015-03-23,38.67,38.99,38.5,38.89,470800
2015-03-24,38.94,38.99,38.3,38.68,569400
2015-03-25,38.63,38.78,37.21,37.26,440800
2015-03-26,37.09,37.25,36.6,36.72,479400
2015-03-27,36.73,36.73,36.22,36.27,413500
2015-03-30,36.36,36.7,36.05,36.12,630700
2015-03-31,36.09,37.32,35.94,37.15,809100
2015-04-01,37.18,37.48,36.43,36.61,593400
2015-04-02,36.73,37.47,36.62,36.79,395300
2015-04-06,36.7,36.89,36.45,36.73,933500
2015-04-07,36.68,36.88,36.29,36.38,556500
2015-04-08,36.52,36.72,36.34,36.49,497800
2015-04-09,36.4,37.24,36.4,37.18,336800
2015-04-10,37.17,37.39,36.75,37.05,505000
2015-04-13,36.98,37.45,36.58,36.59,228300
2015-04-14,36.46,36.76,36.05,36.15,351200
2015-04-15,36.25,36.54,36.11,36.19,370600
2015-04-16,36.31,36.31,36,36.07,389200
2015-04-17,35.93,36.12,35.28,35.36,616400
2015-04-20,35.47,36.31,35.47,36.13,594500
2015-04-21,36.18,36.36,35.79,36.21,494400
2015-04-22,36.2,36.23,35.89,36.01,486600
2015-04-23,35.75,35.75,35.355,35.44,512400
2015-04-24,35.45,35.45,34.97,34.99,444100
2015-04-27,35.02,35.23,34.15,34.34,1144700
2015-04-28,34.22,34.42,33.91,33.94,1625500
2015-04-29,33.9,33.95,33.58,33.78,1244700
2015-04-30,33.61,33.98,33.37,33.46,790100
2015-05-01,33.59,33.87,33.43,33.61,882300
2015-05-04,34.44,35.358,34.44,34.48,1342100
2015-05-05,34.48,34.81,33.98,34,880100
2015-05-06,34.11,34.11,33.595,33.65,587200
2015-05-07,33.71,34.09,33.7,33.91,726300
2015-05-08,34.24,34.7,34.11,34.58,597900
2015-05-11,34.59,35.11,34.52,35.02,586600
2015-05-12,34.85,34.92,34.26,34.76,670100
2015-05-13,34.9,35.63,34.8,35.25,697800
2015-05-14,35.41,35.49,35.1,35.19,584700
2015-05-15,35.31,35.45,35.15,35.33,418200
2015-05-18,35.36,36.31,35.35,36.22,905200
2015-05-19,36.2,36.275,34.61,34.99,1747400
2015-05-20,33.04,33.07,32.25,32.38,5979400
2015-05-21,32.34,33.11,32.17,33.03,2218300
2015-05-22,33,33.12,32.74,33.08,2249500
2015-05-26,33.01,33.15,32.34,32.61,1020700
2015-05-27,32.6,33,32.55,32.97,619000
2015-05-28,32.98,32.988,32.7,32.9,696000
2015-05-29,32.84,33.13,32.78,32.86,699300
2015-06-01,32.87,32.98,32.69,32.84,1046700
2015-06-02,32.69,33.105,32.63,32.97,535200
2015-06-03,33.15,33.41,32.94,33.22,837700
2015-06-04,33.06,33.3,32.77,32.88,498200
2015-06-05,32.93,33.068,32.5,32.89,514700
2015-06-08,32.92,32.98,32.65,32.77,379600
2015-06-09,32.82,33.005,32.66,32.86,721100
2015-06-10,32.89,33.195,32.79,33.11,1087200
2015-06-11,33.12,33.22,32.94,33.15,1596100
2015-06-12,33.11,33.16,32.92,33.03,454200
2015-06-15,32.79,32.922,32.35,32.62,634800
2015-06-16,32.53,32.74,32.28,32.62,472500
2015-06-17,32.68,33.11,32.655,33.01,767000
2015-06-18,32.99,33.4,32.95,33.4,701000
2015-06-19,33.49,33.49,33.16,33.29,844800
2015-06-22,33.4,33.71,33.19,33.5,898600
2015-06-23,33.55,33.55,32.76,32.89,903100
2015-06-24,32.94,33,32.441,32.46,621900
2015-06-25,32.53,32.73,31.955,32.16,693800
2015-06-26,32.25,32.38,31.73,32.25,3082900
2015-06-29,31.85,32.07,31.38,31.4,988200
2015-06-30,31.65,31.8,31.02,31.19,1050600
2015-07-01,31.35,31.394,30.84,31.25,1025000
2015-07-02,31.37,31.59,31.33,31.47,449700
2015-07-06,31.09,31.45,31.01,31.25,1126700
2015-07-07,31.22,31.48,30.82,31.23,1156800
2015-07-08,30.93,31.22,30.25,30.38,936200
2015-07-09,30.62,30.62,30.25,30.32,1021800
2015-07-10,30.59,30.653,30.29,30.35,707500
2015-07-13,30.53,30.84,30.42,30.74,574200
2015-07-14,30.75,30.94,30.68,30.93,463900
2015-07-15,30.9,31.16,30.5,30.51,733500
2015-07-16,30.73,31.01,30.69,30.79,2007300
2015-07-17,30.87,30.971,30.5,30.56,988500
2015-07-20,30.64,30.89,30.55,30.76,499100
2015-07-21,30.7,30.86,30.39,30.42,709500
2015-07-22,30.18,30.78,30.13,30.74,582300
2015-07-23,30.73,30.86,30.2,30.3,599100
2015-07-24,30.25,30.44,30.05,30.06,703400
2015-07-27,30,30,29.65,29.68,441300
2015-07-28,29.74,30.2,29.515,30.06,773000
2015-07-29,30.07,30.53,29.9,30.49,487100
2015-07-30,30.35,30.66,30.18,30.64,572900
2015-07-31,30.7,31,30.51,30.54,616100
2015-08-03,30.71,30.89,30.39,30.49,633300
2015-08-04,30.35,30.71,30.17,30.41,428500
2015-08-05,30.47,30.9,30.32,30.35,656700
2015-08-06,30.31,30.38,29.58,29.72,750100
2015-08-07,29.6,29.86,29.415,29.86,459300
2015-08-10,30.05,30.81,30.04,30.64,463500
2015-08-11,30.17,30.49,29.97,30.08,584700
2015-08-12,29.69,29.99,29.28,29.88,635600
2015-08-13,29.91,30.14,29.8,29.91,456800
2015-08-14,29.91,30.39,29.85,30.37,448200
2015-08-17,30.29,30.49,30.15,30.38,601500
2015-08-18,30.38,30.66,29.98,30,531200
2015-08-19,29.97,30,29.42,29.54,806100
2015-08-20,32.55,33.24,32.44,32.77,2895100
2015-08-21,32.32,33.29,32.31,32.35,1276500
2015-08-24,30.63,31.84,30.1,30.59,1000000
2015-08-25,31.25,31.26,30.29,30.35,928300
2015-08-26,30.98,31.164,30.19,31.06,725400
2015-08-27,31.32,31.817,31,31.67,665400
2015-08-28,31.57,31.95,31.31,31.92,486400
2015-08-31,31.74,32.22,31.68,32.04,689800
2015-09-01,31.37,31.68,31.17,31.25,984600
2015-09-02,31.63,31.845,31.44,31.84,541800
2015-09-03,31.93,32.73,31.93,32.61,790600
2015-09-04,32.25,32.5,31.99,32.24,500200
2015-09-08,32.56,33.14,32.31,33.09,993400
2015-09-09,33.25,33.39,32.64,32.72,758800
2015-09-10,32.68,33.06,32.47,32.97,649600
2015-09-11,32.78,32.97,32.72,32.84,273600
2015-09-14,32.84,32.84,32.39,32.83,355500
2015-09-15,32.85,33.01,32.57,32.95,361500
2015-09-16,32.92,33.61,32.81,33.55,417000
2015-09-17,33.61,34.13,33.535,33.71,508200
2015-09-18,33.34,33.68,32.72,32.83,1112200
2015-09-21,33.02,33.26,32.83,32.9,535800
2015-09-22,32.47,32.47,31.92,32.05,661100
2015-09-23,32.17,32.22,31.63,31.78,312000
2015-09-24,31.48,31.57,31.02,31.21,461600
2015-09-25,31.38,31.38,30.86,31.01,347200
2015-09-28,30.83,30.91,30.16,30.23,405900
2015-09-29,30.26,30.4,29.94,30.17,492100
2015-09-30,30.5,30.97,30.5,30.84,487000
2015-10-01,30.85,30.88,30.34,30.43,520000
2015-10-02,30.02,31.31,30,31.3,645800
2015-10-05,31.56,32.18,31.38,32.1,492000
2015-10-06,32.14,32.31,31.81,32.15,518600
2015-10-07,32.31,32.86,32.2,32.7,626000
2015-10-08,32.65,33.35,32.54,33.12,394200
2015-10-09,33.17,33.39,32.65,32.68,313300
2015-10-12,32.68,32.68,32.26,32.3,221900
2015-10-13,32.18,32.53,31.97,32,430400
2015-10-14,32.03,32.61,31.98,32.44,424000
2015-10-15,32.5,32.78,32.37,32.76,368000
2015-10-16,32.73,32.79,32.31,32.59,365300
2015-10-19,32.36,32.62,31.965,32.03,533600
2015-10-20,31.86,32.43,31.61,32,282300
2015-10-21,32.11,32.33,31.48,31.53,290900
2015-10-22,31.7,32.09,31.55,32.01,305400
2015-10-23,32.26,32.33,32.045,32.3,259200
2015-10-26,32.18,32.386,31.81,32.01,345600
2015-10-27,31.72,32.12,31.65,31.8,734200
2015-10-28,31.92,33,31.88,32.99,438600
2015-10-29,32.78,33.33,32.684,33.06,336300
2015-10-30,33.3,33.35,32.7,33.08,415600
2015-11-02,33,33.48,32.71,33.37,373400
2015-11-03,33.09,33.43,32.89,33.08,453100
2015-11-04,33.12,33.39,32.61,32.7,378100
2015-11-05,32.84,32.84,32.26,32.27,463200
2015-11-06,31.95,32.4,31.89,31.99,578000
2015-11-09,31.89,32.125,31.45,31.66,397800
2015-11-10,31.5,31.61,30.7,30.84,988800
2015-11-11,30.98,31.14,30.82,31.05,602700
2015-11-12,30.79,31.025,30.3,30.32,365400
2015-11-13,30.25,30.73,30.02,30.38,586500
2015-11-16,30.38,31.06,30.29,30.99,769200
2015-11-17,30.99,31.24,30.71,30.81,364900
2015-11-18,30.95,31.24,30.75,31.23,818900
2015-11-19,31.13,31.52,30.99,31.13,472300
2015-11-20,29.89,30.24,28.55,29.47,2638600
2015-11-23,29.42,30.08,29.11,30.08,971500
2015-11-24,29.94,30.58,29.85,30.57,930200
2015-11-25,30.51,30.65,30.08,30.6,624600
2015-11-27,30.59,30.88,30.59,30.8,283600
2015-11-30,30.79,30.93,30.7,30.81,649800
2015-12-01,30.7,30.79,29.905,29.99,702000
2015-12-02,29.81,30.02,29.72,29.8,805700
2015-12-03,29.96,29.99,28.84,29.05,857300
2015-12-04,28.98,29.615,28.96,29.58,817600
2015-12-07,29.41,29.63,29.03,29.18,673700
2015-12-08,28.93,29.22,28.791,29.21,887500
2015-12-09,29.18,29.32,28.81,28.94,692400
2015-12-10,28.91,29.17,28.87,29,655000
2015-12-11,28.68,29.16,28.53,28.64,828300
2015-12-14,28.6,28.7,27.75,27.86,782800
2015-12-15,28.08,28.38,28,28.36,854800
2015-12-16,28.47,28.64,28.03,28.37,572900
2015-12-17,28.38,28.62,28.3,28.46,731800
2015-12-18,28.44,28.52,28.01,28.01,2671000
2015-12-21,28.25,28.42,27.98,28.11,595300
2015-12-22,28.19,28.57,28.01,28.56,723400
2015-12-23,28.67,29.05,28.56,29,633400
2015-12-24,28.92,29.15,28.8,28.95,456700
2015-12-28,28.83,28.99,28.36,28.78,388200
2015-12-29,28.73,28.98,28.36,28.62,458700
2015-12-30,28.51,28.75,28.48,28.58,434500
2015-12-31,28.48,28.7,28.3,28.33,588200
